LEVER	jobgether
BREEZY	nexthire
BREEZY	nationsbenefits
BREEZY	kredivo-group
BREEZY	uvation
BREEZY	sa-global
LEVER	lingarogroup
BREEZY	zinier
BREEZY	accrete-ai
BREEZY	anovia
LEVER	meesho
BREEZY	codebase
LEVER	weekdayworks
LEVER	3pillarglobal
LEVER	reply
BREEZY	iqvia
BREEZY	streamhub
LEVER	porter
LEVER	captivateiq
LEVER	pocketfm
BREEZY	universal-wolf
LEVER	dozee
LEVER	cred
LEVER	dnb
LEVER	smart-working-solutions
LEVER	biorender
LEVER	CollectlyInc
LEVER	hevodata
LEVER	snappr
LEVER	sophos
LEVER	thunkable
LEVER	ttecdigital
LEVER	zeta
LEVER	paytm
LEVER	jitxinc
